Model,imagenet-1k,imagenet-9,imagenet-a,imagenet-c,imagenet-d,imagenet-hard,imagenet-mini,imagenet-r,imagenet-sketch,imagenet-v2,tiny-imagenet,normal_dataset,plastic_dataset,objectnet,PUG_ImageNet,Mean,Std
Swin-B-KNN,0.027902878734618424,0.15880408365256438,0.42257009091190456,0.05714546888895412,0.45996150741933417,0.2443278743486804,0.021317422550916655,0.3089089683545133,0.29907005767035155,0.09249748458638787,0.26198562220782046,0.34723450888081325,0.388818215184034,0.3444132930343934,0.27692489379841645,0.24745882468158018,0.1439555236725452
Swin-S-KNN,0.01969100576668977,0.1522848600979297,0.4165245282038634,0.04314349716495372,0.4182692198265795,0.23865691913064493,0.023455779726803246,0.30411903123358885,0.27928517454785173,0.0861119776174426,0.24756196109727024,0.34484166636220404,0.3556178334919112,0.32418490636019154,0.26626034123191594,0.23466724679065604,0.13781954525530862
Hiera_B-KNN,0.023623881491124637,0.16042477542948388,0.3786975216107022,0.03693282787857872,0.4151153365699064,0.22872099049172223,0.01874984704554082,0.2808029925525189,0.25807433739662067,0.08197146534398195,0.21809220619648692,0.32795394529987654,0.3365180007120657,0.345375424331788,0.258201944873988,0.22461703314829237,0.13248996164054913
Hiera_L-IN1K-KNN,0.02715053860545156,0.1655832830690031,0.32108057903969095,0.03543957407816778,0.4181110342662115,0.2621242337553119,0.02126481339931483,0.2589565297909081,0.24538340383997534,0.08192272624149916,0.1950505801796913,0.3492372991827628,0.3635911087391449,0.36335444769115977,0.23058182593631088,0.22258879852097355,0.132201794215974
Hiera_S-IN1K-KNN,0.020500562783330713,0.14748126790755325,0.39419329136602055,0.032599703128333976,0.40932128980925314,0.2277560354961941,0.020090044496953483,0.27969631807953116,0.24857964455339393,0.07794899204820394,0.2252022017791867,0.31851080240726115,0.3098728338751211,0.3346535168436534,0.2618319188888157,0.22054922823085377,0.13192156204011457
CLIP-L-IN1K-KNN,0.02364672664910554,0.16173541585006465,0.3043282410753279,0.052585308417933505,0.41955666157427596,0.25767417611428733,0.02371200392246244,0.15089800848687684,0.1624730353781023,0.07970358861386773,0.17970722710117698,0.2777425101204288,0.30016748045265756,0.364303442219432,0.19172295907065412,0.19666378566977688,0.12231864824666557
Swin-B-IN1K-KNN,0.011758622809052498,0.11132300153719607,0.30986696242823525,0.016067022261704277,0.37767863324934836,0.19103969333113216,0.01754898286461825,0.21689924990783135,0.18851715342619108,0.06317061468213798,0.17243807105347514,0.30035376602650754,0.2878307045330083,0.3181255824528566,0.22129624395345887,0.18692762030111693,0.12061368139383732
Swin-S-IN1K-KNN,0.014819649205058853,0.09874693490311873,0.3183468591691531,0.03554522369180539,0.34308484822295937,0.17986834250892664,0.02377574611753226,0.2345374233715236,0.19329956244128937,0.04939688628390432,0.18471166087463498,0.2821729003850903,0.25973146556074145,0.2887518792502928,0.21442352953973337,0.1814141941017176,0.11177314041864705
CLIP-B-IN1K-KNN,0.01692501567780972,0.12506619283607529,0.33418974188932465,0.02015048128561832,0.3916974831083568,0.19293243953744404,0.02072516765743493,0.18159177897001305,0.15777956818958158,0.06589400564134118,0.1332266707219183,0.2627231294377929,0.2771451994338621,0.3255898231201021,0.18879885752578662,0.17962903700216412,0.12028101774507767
Swin-L-IN1K-KNN,0.01092893979340792,0.09490331501320559,0.25352197427192436,0.0183331036637496,0.37592012420712734,0.19785134581160238,0.022640992689132743,0.19837284070824582,0.1758412433001125,0.059896988433599516,0.14544310366287827,0.27348609667360074,0.28462230803319843,0.31067649897096095,0.19789309794812537,0.1746887982120581,0.11447581842301295
Swin-L-KNN,0.01092893979340792,0.09490331501320559,0.25352197427192436,0.0183331036637496,0.37592012420712734,0.19785134581160238,0.022640992689132743,0.19837284070824582,0.1758412433001125,0.059896988433599516,0.14544310366287827,0.27348609667360074,0.28462230803319843,0.31067649897096095,0.19789309794812537,0.1746887982120581,0.11447581842301295
DINOv1-S-KNN,0.04703898452222348,0.06828272850080219,0.2770590841975554,0.12351042247203307,0.2507412051633694,0.0960737035160236,0.05639870785474778,0.16333467764606083,0.1499162117858326,0.026915661394596096,0.0957925499677658,0.17012087981926188,0.1705512971097964,0.17604490237586704,0.13558615007402422,0.13382447775999734,0.07171224295456506
ViT-L-IN1K-KNN,0.02854483044669032,0.06818379470745078,0.27369963787281737,0.014536006719242538,0.27472770537221813,0.1301906851261094,0.03551904863119125,0.16112106447791064,0.13145412642333568,0.028229619383066885,0.053909344650804984,0.18063108558056964,0.18756446921395134,0.2118421332092152,0.17144419181148565,0.13010651624173733,0.08839000568518747
DINOv2-B-KNN,0.015692373224347817,0.07152699666488688,0.11677933053013698,0.053648541723219985,0.33513805876874136,0.15506163376548032,0.01859879804998635,0.10227885038281477,0.10365168353797323,0.05638058353587987,0.07031796856522558,0.18185400033724453,0.21895763278939648,0.29045500480464104,0.1153393211921215,0.1270453851914731,0.09429670054607074
DINOv1-B-KNN,0.04388412013977769,0.06727697866750351,0.2710318220635981,0.12053808760148521,0.2503447166889628,0.08733383002529813,0.056849563363194466,0.15243589557384454,0.12625290065934697,0.026595525622367854,0.05136417788043619,0.17411172413267192,0.16444076663592755,0.18032564184544891,0.12227669447320005,0.12633749635820427,0.07363058048933957
DINOv2-L-KNN,0.021439345482140777,0.0729063967071519,0.09872884962946542,0.04287879569384928,0.32955565831962025,0.18113173042612324,0.021639989842474457,0.07419474237610897,0.10274756785639777,0.07476592577248817,0.08009211607724429,0.140287047150057,0.19801544425753886,0.30277396361547637,0.08365485013908232,0.12165416155634796,0.09368497994876585
ViT-B-IN1K-KNN,0.03218866752341388,0.058894950852579904,0.2602478495092257,0.041966662885633756,0.2475425218336955,0.07287718318775975,0.045513118313252915,0.14843514576467376,0.11881438296484219,0.017593570799380537,0.05619826445803046,0.16535746678044747,0.1843183017734904,0.19548609866990818,0.16595749750245992,0.12075944552125296,0.08044639069582074
DINOv2-S-KNN,0.03231175815135241,0.07430770773049676,0.15374794687637597,0.07687976826798523,0.31047102963203244,0.14121412087320087,0.03529587222784758,0.11526349619850518,0.0986072047946073,0.02605890238434078,0.046748749481886655,0.14571688760160692,0.17522569516100187,0.22806241605729685,0.13329273673949785,0.11954695281186896,0.07879105921900181
ResNet-50-IN1K-KNN,0.039355939866006405,0.03776431841108901,0.26168647364418013,0.09173658443758206,0.24268152693434855,0.05470693194916396,0.052649451170861755,0.13587509139962495,0.11262320489671974,0.025942470814287674,0.13477898162566126,0.1351896443359909,0.13052664239490402,0.13817939788497816,0.08134209540533505,0.11166925034471557,0.06994242474994786
DINOv3-S-KNN,0.07434392998963595,0.07376118776066527,0.21774730775652362,0.12068980053216921,0.27299915801313823,0.09745503440092168,0.07417097290158274,0.04670170586705207,0.0369406262804566,0.03675834513381124,0.04405084855929017,0.1406830221924576,0.13960433614693218,0.164223770403905,0.10699764287807624,0.10980851258777452,0.06873484485321783
DINOv2-S-IN1K-KNN,0.06366222315028307,0.08245114723795358,0.15536202982947417,0.07627078469103261,0.28526712413626837,0.07987100876026358,0.058047338616848014,0.09572808981512983,0.06951847820071481,0.022504407269507646,0.06300478830412032,0.13014589605099036,0.1437228334631622,0.18611652552648295,0.127868677418014,0.10930275683134967,0.06534642940313522
CLIP-B-KNN,0.1296165825580805,0.11312059625523327,0.12613269337848632,0.14278322495193072,0.20444296078511823,0.0834645580805716,0.12149080403149129,0.04741975308234494,0.04291375900050613,0.054915604545176036,0.07237968062758446,0.13042312464455053,0.12765859611296063,0.08870872757451245,0.05229785719761751,0.10251790152174431,0.04474026780765259
ResNet-50-KNN,0.081488696218431,0.06765529797297477,0.22557081694996506,0.052037101341497756,0.19596652518168106,0.10837460829416641,0.013301228381693363,0.09344408281060558,0.07574379585977481,0.044776299018412825,0.07497011168487369,0.14066732978293048,0.11088960389453434,0.13079152260823257,0.08136369893622587,0.0998027145957333,0.05582399621386046
DINOv3-B-KNN,0.031938684062510776,0.12751149127765754,0.17842896259692037,0.08050456280165594,0.24594055809689283,0.14025871088772413,0.03607970865368839,0.052202174947535006,0.04436264966978864,0.06551510575450954,0.050677123162895445,0.12369038008064742,0.09303634019887119,0.144260753673988,0.07038621345020209,0.09898622795436582,0.06056756283118411
DINOv2-B-IN1K-KNN,0.03892297835364939,0.06509222713609536,0.07724064831914443,0.11069988585084832,0.2989054234546244,0.07966668165894482,0.045193841579556436,0.0715093341698249,0.06247348525548784,0.0271732294380665,0.03169539405852555,0.10933344376805634,0.13829422665320187,0.2154913945688143,0.10777778316544938,0.098631331828686,0.07352132368135313
CLIP-L-KNN,0.11973549859672786,0.11436368643179717,0.06338329149005598,0.17414321274245018,0.2379246805175261,0.052029980061565596,0.11009251850843424,0.08973760282459357,0.031358138882458995,0.05492830224409698,0.040217397042363885,0.07930449072404633,0.08235866058350773,0.07808692990944129,0.08050863461135556,0.0938782016780281,0.05366557430938365
DINOv3-L-KNN,0.015049780404418702,0.03570998719238024,0.07934313088807018,0.04743246619888667,0.28156029504512925,0.15306554859426075,0.016807996962964533,0.0267373212662836,0.06179538534766752,0.03860101809725164,0.04823966326937079,0.11083085382179844,0.10423531965209862,0.2535976316233112,0.04768945637651071,0.08804639031602686,0.08230488574670827
DINOv2-L-IN1K-KNN,0.03342834239259365,0.05221046427402784,0.05507905704599777,0.10902729591569302,0.27964926164793746,0.08583346940373462,0.04018719330430033,0.057370746844013505,0.05174510306063521,0.025093189357966214,0.02880463133901358,0.09005087106710387,0.11059731225605814,0.20384207271224808,0.08864277220067025,0.0874374521881329,0.06992287282901989
